username,email,password
erin64,bensonconnie@example.com,BN6e)5fjY*
sextonsabrina,marilynrussell@example.net,$9Rsd7sZx^
caroljensen,thompsonbeth@example.org,k(%0QiNpZU
fitzgeraldzachary,icunningham@example.org,pX8oI*Bq#+
jerry59,rachelarnold@example.com,&^HziGKx+0
sierra93,lauren90@example.net,qchRPOeH+5
whowell,brandonbird@example.net,k8Sv&w2i&E
brookemorton,walter57@example.org,I_5Olu*434
christophersmith,mitchellchristian@example.net,0e*5PtajF(
vhicks,teresa26@example.org,EuFoMT*i*4
monroechristine,bnorris@example.org,%o5YSzaoJ3
paigeespinoza,florestimothy@example.com,zeW_6FVl$Y
johnsimmons,bakerkrista@example.net,!w1)nZGoAw
rachel34,nathanielmcdonald@example.org,+R&9ZuUvHQ
foneill,ariel84@example.com,z_5Hx#tu3C
amandatran,suttonpeter@example.com,6^DHQus_+1
christianbaker,sparker@example.net,!Q58FDo)^o
jason09,ucooper@example.net,)0JwiLsg8J
sarahjenkins,cummingsmackenzie@example.org,S4Sd%C6z*2
trevinochristopher,stephanielee@example.net,8S4aYkW2y+
gchan,cgeorge@example.com,@q&8TMKyRU
danielle75,owensstephen@example.net,*3#u5Tr+F*
vwalker,johncarter@example.net,5aReX@&9%6
patricialopez,brenda97@example.com,@f5sRbPx2s
elopez,douglas39@example.com,cdRs0Mwb$T
hharvey,tyler79@example.org,_9vJTC18r3
efowler,paulswanson@example.com,j3H5aRSU^N
sandovalnicholas,clinton27@example.com,#S_6VQxm+b
sullivankayla,stephenslauren@example.net,#sHdwNIST7
markdean,slittle@example.com,!0jJacCd9Z
ronald95,fdawson@example.com,SD!6HKybiu
kdaniels,paulbowen@example.com,jx3X*U(1U*
russellalan,shelly90@example.com,64A6LS@I@t
felliott,cpacheco@example.org,2(WVRq3r^4
bakeramy,yhenry@example.org,8pSbCka9$W
farmerphillip,eprice@example.com,$0guN6O)kl
tinaburke,william43@example.org,88P#LOO^+g
danielcrane,kimberly24@example.org,Oo3jjEM)1&
thomasschmidt,rchandler@example.com,_gw*2sCrkC
qgonzalez,sylvia89@example.org,&b3QvRO$H&
ebell,antoniowelch@example.com,u0gOF(%x(3
jason12,griffiththomas@example.net,Eiyt5ZyXy!
westcraig,chapmanjennifer@example.net,(6R3NS@nYr
fhartman,tylerdan@example.org,$HKOqHlS0Q
khowe,stephanie35@example.net,#cqmAMb)G9
carpenterdanielle,jessica35@example.com,#ajOIm$b+4
juanhoward,crystal57@example.net,g_6h1Nbt&Y
doughertypeter,jamesortiz@example.net,(h%C1Y2bpG
benjaminward,wilsonbryan@example.net,350WfbWA_v
moniquemichael,luisking@example.org,g+4fJvWl+V
ashleysmith,lowerymichelle@example.org,JFv58qWi^E
ralph22,doughertyaaron@example.org,h_c!1lRjH5
hulljoshua,jennifer47@example.com,%dUBvfbfg6
aprilwilliams,perezbenjamin@example.org,gQKqm29g)9
john40,shortleah@example.net,&GlD2gHxA*
nicole65,benjamin19@example.com,$d&6i!CgoN
nwheeler,stevengomez@example.com,4Fu*8KGzzE
rruiz,joshua92@example.com,_)o8+kZyJQ
edavis,cynthia64@example.org,^L4m8WRm(H
ucopeland,tyler30@example.com,*1YsXwzs55
bwheeler,victoria85@example.com,V$62xP0Pbi
oellis,diaztimothy@example.org,#3EfcJUdCj
thomas02,tharper@example.net,m*0LsEzu+A
brad28,lynchlisa@example.net,^bFFHmue8Q
jillian49,bradleypark@example.org,)JyE))vnM9
kmitchell,paynerandy@example.com,hAnP6AUa%2
erica01,turnerjessica@example.net,r04ym5Vf^u
pstafford,bobbyadams@example.org,H_jh5rNnFt
geraldmills,shodges@example.org,cM)6T3Ukq*
kimberly99,swansoncody@example.net,_8SL7jOsIm
rhoffman,nicole58@example.com,*01DgnXkbW
valerie97,nicholas80@example.org,_+w6Mr+oA)
kenneth25,brandon52@example.com,x5b_$mG1$P
ibeck,hhouse@example.org,(89VcVIW0p
patricia71,hernandezjessica@example.org,b8309LdQ1@
cruzcarolyn,yrichardson@example.org,(2_0WN)mEG
harrischelsea,jessesellers@example.net,_2Qgn)zOqe
robertwilson,lindsay71@example.net,l%y7EJFt^q
garciagary,nathanieljones@example.net,R5D3fEfmu$
ycampbell,antoniomathews@example.org,7q*DUOox*^
cherrymark,chelseagraves@example.com,a#V82IVqvW
autumnfuller,padillabruce@example.com,+b)3XfVt9g
sean76,amber68@example.net,%1*kOhnnM0
anitafischer,hunterkelly@example.net,wYwD2AnK#)
baileyedward,christophershort@example.com,*7Dj$0&Q(I
lharvey,judithking@example.org,3(2Fkn((0$
cjames,amandalevine@example.org,+F1&9xKsRj
sara17,bradleybutler@example.com,Bf_5A)nxs6
stacey97,kramerjames@example.net,$6*GjY5eC4
davisjennifer,james12@example.net,1zpaQYKF%p
leslie58,gregorygriffin@example.net,%)gPVWx(7G
nmiddleton,robinrobinson@example.org,2Z*g1)ZxRT
kevinshaw,brownthomas@example.net,_13xYx!s&t
john52,walkeraustin@example.com,V!4*$DbAhm
kylereed,rlopez@example.net,*L0Upq5z+O
anielsen,colemanjessica@example.com,$e3JYz8B2!
daniel36,orivera@example.com,P4vTndnl*7
traciwatson,awilliamson@example.net,@J0Oi3X@TO
donna98,diane50@example.com,ql8qVEky@m
carol79,cooperjonathan@example.com,1#&9OpXwBX
johnathan92,christinajohnson@example.net,q5k4)OJJ$0
michaelshields,francisharold@example.com,3WDIuMb+%5
johnathanwagner,gmiller@example.org,$3&27xVMuo
stephaniechaney,edwin81@example.com,!f8OVGy*pl
baileymichelle,johnsonkyle@example.org,QAG2IaPO3!
awashington,stephensalas@example.org,t#X4!eFwsl
myerskaren,zweaver@example.com,26YE5w&k&Y
thompsonlindsay,umaddox@example.org,dl@4^SxXLS
karenmiller,jennyclarke@example.org,+3lWlSiSBe
douglasalvarez,collinschristina@example.net,S4c5NWum*g
carriehopkins,ledwards@example.com,s2yBS#4*&0
amber75,ugonzales@example.net,C1!7@QDsB%
wheelermichael,rachaelmcbride@example.org,!1&GCcbAhL
sherriroy,tmercer@example.net,X92YOVi+%z
iadkins,thansen@example.org,p(k2NFk9QY
kimberly28,drocha@example.org,r24VGjBJ%@
stephanielarsen,matthewshaffer@example.net,SmUL@OfK!4
andrea03,greed@example.org,6#^GJLw8+t
diaztanya,doylescott@example.com,s+71HM%q%(
lmcintyre,evansheather@example.net,^ZI72nlKS2
kennethgeorge,rrivera@example.com,L4YK+wml)v
acaldwell,hayneschristopher@example.net,B@9c@lLwGo
chadreynolds,ksilva@example.com,^8JtJ1dNKM
debbie45,zhanson@example.com,Hjgv7Pjs(A
torresbradley,stephaniemcdonald@example.org,A+3NL^Wb36
rayzachary,ehebert@example.net,wb0)Ho+lf@
johnflores,simsdiane@example.com,xq3ERLl4_4
christopher51,timothy53@example.net,+@G)7BAfeu
ericperez,zacharystuart@example.com,+N!I3Hpqnp
eugenegilbert,greenrandall@example.org,#dX*SN@ld5
aroach,amandamorton@example.com,4tCYO*t4#7
xmiller,jeffreysloan@example.net,Cm6Si#wVg$
scottgonzalez,hunterpeterson@example.org,)CJ^XVha0J
greenechristine,danielle30@example.com,3#7P2E6x1%
victorhall,hensleyspencer@example.net,@(m1NkHi_c
danamiller,dixonmario@example.com,+6jMEOAtZ3
hhammond,katiegriffin@example.com,+17oVsw)*9
combsdaniel,ashley62@example.net,c3iNTFG@)m
leonardford,leeknight@example.com,!cbWdWyQr5
stephengrant,roybailey@example.com,_2b5CX(y41
byrdcarl,sean45@example.org,Wki8L70wx!
xscott,tarajohnson@example.com,*0L7ee8X(T
xdonovan,coxjon@example.com,9ERe)ZHT$p
atorres,fmorales@example.net,Iq009pBJK%
sheacaitlin,wolfecourtney@example.net,qdXQ!sSt&6
kennethterry,amy02@example.net,P0AJypBd(6
cynthia28,ggraham@example.org,#$1Y4cHz@$
andrewboyd,mcoleman@example.org,EZA0Y%a9_f
briansmith,alewis@example.net,v9VAn0es*3
gsmith,ihill@example.org,J+n4K0q!h_
oblack,melissa43@example.com,KpZ2EpbE)Z
christopher30,nicholasjones@example.org,CSH5Hewq^7
parkerjason,thomasharry@example.com,755jKyyw$(
jayknox,wsanders@example.org,+q@13W3up#
mullentimothy,campbelljared@example.com,_uDWjeA73Q
byoung,juanpark@example.com,%9mYT!swGt
ramosrichard,ashleyhuff@example.org,&W^ixY7gn0
johnstondana,davidsmith@example.net,po7JGN2oV+
johnsoneric,floreswilliam@example.net,4MQF&MVa*+
jennifersutton,dana02@example.org,L1y!PQxT@4
nfry,dwhite@example.net,@mkJTQMlI1
hendersonmaria,eric51@example.org,$ABg1mALb3
cynthiamorrison,brent98@example.net,I$&1WnaFoJ
villarrealmorgan,kellyherman@example.com,@$t0D#bov$
nathanielsanchez,tthomas@example.com,!PADddZaH1
kennethcrawford,nmartin@example.org,#lc&5Vu!T9
ortegamary,jeffgates@example.com,1X2PaBWm)^
everettpamela,donald48@example.org,*ME4jBlGn2
collinsdavid,tinamendez@example.net,&1qPAfkC($
teresabennett,sarah36@example.com,&@p0ZkOq8e
ypeterson,adamsanthony@example.com,4&F%66VyPn
billyfarrell,michaelyang@example.org,4_q74X7j5)
amy68,swansonbobby@example.net,913Njm65!l
connieandrews,clarkdaniel@example.org,5PHrJ%ds+f
blacknicholas,lorichase@example.net,(cU&ILNG9j
jaygreene,phuff@example.org,X)t9NV5uFC
phamjason,eric71@example.net,(m42Y9)xwx
vincent04,gabriel67@example.org,$7MSWvXRlu
gjackson,qthompson@example.net,OP2Z9rmZR_
caldwellchristian,christopherfisher@example.net,_447EWo@f+
lewiswendy,johnmiller@example.org,2xaNK4Qe7+
ygraham,hurleytimothy@example.net,)4wICSyrt(
veronica08,karenhanson@example.com,b2t&K7UoGz
robert74,ikelley@example.org,(JRiJ))hs5
matthew26,rodriguezpamela@example.com,z37%PK9i+f
colechristina,jennifer30@example.com,#VGNoiCG(7
scottkelley,kingjohn@example.com,(0D9Hbg*oe
bjones,jasonwebster@example.com,fY6S6Bxm$@
cmunoz,ginawilliams@example.org,*Pu7)Dp#A0
gwilliams,emclaughlin@example.com,TSi$oGvo^0
richard93,williechang@example.com,(N@2ZDEt+_
adam24,edward96@example.org,G+9PUvQbp%
amy14,ikerr@example.org,#9%5PVimHx
cwashington,ebony99@example.com,V!_0Bueo8%
deborah09,traceyclarke@example.com,y*l79V^W!c
meganestrada,stacycardenas@example.net,4nH5Q%s7&9
david62,uharris@example.org,m242hPji!y
eli,uhunt@example.com,(1PWZNMhjo
cruzpeter,cathyramirez@example.org,%77ngBbF2v
petersondenise,dhuerta@example.net,))q5GSC@Qn
smithdouglas,wdavis@example.org,om7fWRbmP@
ebennett,lellis@example.com,SLV#C2Bx7u
rothshannon,patrick96@example.net,fM8ReM1a*&
jeffrey05,twagner@example.org,)&2kDoUlOB
pwilliams,erin83@example.net,LDc6)b0h&2
eddie31,jamie85@example.com,*7)TX9vs0!
angelicarojas,rwilliams@example.org,qF7Nc7QrF@
llopez,goodwinmarie@example.net,$Xt5WIjshW
caseyjoseph,kmoreno@example.org,H*@6JFjh$s
christy39,geraldjackson@example.org,h9zXkq!z@8
martinezjames,parrishleslie@example.net,@nIlx6b131
mathewsalas,christianhuang@example.net,RL9qS33sb)
karengarcia,snowsarah@example.net,F!0!XlEs16
isaiahwest,paula20@example.org,K6g@*XoE%8
salazarerica,sarah04@example.org,qR7fAX&z@q
markphelps,qcooper@example.com,)G4JSdp!!C
johnsonrachel,caleb94@example.com,ds74XYwgi)
glasswilliam,nelsonscott@example.net,*q9Qcxjjp$
rebeccamarks,vhowell@example.net,!9BV&*^hh3
bharrington,ofarrell@example.com,g5C50Tok+0
anthonyreyes,norrisrachel@example.org,NxmGqsD#%3
carolbryant,patrick10@example.com,b3XKq0Td^Z
jmorris,donaldmatthews@example.org,&M#0RgMDU_
jessejohnston,sheltonphyllis@example.net,38XLgYy_(1
kcarter,jblack@example.com,d3CLc0Z9&t
ihernandez,mccallmeghan@example.com,g9il6TuC$z
qpotter,neil66@example.org,(6!NIvTSqp
rossjordan,timothy50@example.net,$$KD$brj^5
ggonzales,ashleywilliams@example.net,*P6QbUdreM
debbie52,mckeeleslie@example.net,ExIL+Cem+6
ngreen,susanbrown@example.com,f0MEH(Oz_3
lmartinez,cherylunderwood@example.org,#1BTt9gcUQ
zamorarichard,amy21@example.net,J3%S5A!a!R
jamie06,wrightmichael@example.org,$_(7Lh^Je2
davilamargaret,bryantryan@example.com,yq(bi1FJx@
garcialisa,fgross@example.com,iDFI3Zi_J@
rcastaneda,tgarrett@example.org,M_%2%LeYN3
mdiaz,kellymartin@example.org,0K2ScEjHI)
james99,oshannon@example.org,M3_0BuaGi#
ppetersen,pattersondavid@example.com,kl3LKhdW@7
jamie02,davisashley@example.org,$CMAet$3P4
bryan78,rgeorge@example.com,%6m0QFpSyt
charlesfields,kelly35@example.org,&224Gog6*2
bpham,watsonjoseph@example.net,I*8fMRhPFg
leonardcalhoun,hkhan@example.com,yZB0&HcA^0
bspencer,willie60@example.com,!buaODhh00
cdavenport,todd31@example.net,@1W$vzfl#&
jonathanellis,jenniferlucas@example.org,qH!73FFw$9
briggskevin,hmcintosh@example.org,s93RZBcn+0
blake83,maria35@example.net,$rbp3ZbF8w
vmcdonald,hsexton@example.net,6$z7G&jfON
brenda46,lgutierrez@example.org,P!80MNtt)^
david98,david77@example.net,w!43aShzn2
espinozastephen,smoore@example.com,yY0R75i)4*
stephenwells,edward24@example.com,c!M6T7Cs$5
kennethtrevino,victoriahamilton@example.org,!0L#+NtZhK
austinbass,tapiagary@example.org,^8JLJuLz#T
sean08,davidbrown@example.org,$d9U$ngF^K
ywest,johnsonmichele@example.org,AH_8w(Nms%
jessica90,kentbush@example.net,+J4UV6sz5c
stevenssue,jacksonkenneth@example.com,qNHso%u3@5
rjones,nlittle@example.net,839(K5Em%Q
jennifersosa,alvaradoemily@example.com,!gr_L0PhG!
hhebert,georgehernandez@example.org,i63%qR09@g
marissa24,alexanderedwards@example.net,%UKmbYf1^3
autumn42,dennisroberts@example.com,H#0sUX3plc
perezwilliam,reeseheidi@example.net,T16VqgQt$*
mckaycharles,brianaward@example.org,DiLf!7Kr5I
megan24,kenneth65@example.org,iZWP0Nbn2(
qroman,john71@example.org,C2(jYYrc+(
joycecoffey,bairdbrenda@example.com,Z8S6Qcqs&4
marymoore,barnesmichael@example.net,#idQSNZa9C
ashleecastro,mckeelisa@example.org,+YGd5R!q3%
ashleyknight,castromelissa@example.com,!2RrV%2Cc2
bhampton,pottsrachel@example.org,t#6UflN5$0
jadeesparza,stevensnyder@example.com,@3^Z$rwA_a
randallamanda,dorothy26@example.net,!P68LA8b#$
valeriepatterson,ogray@example.net,+5SkVwHmJ1
lisa05,taylormichael@example.org,5Q3QspSI*8
fsmith,kelly79@example.net,!3YqwT6)Mc
catherinehernandez,lisaarmstrong@example.org,1M%M6^Pa_%
ericwhitney,walkerpaul@example.net,cpK2!tCnx*
wfrederick,carpentermark@example.net,%F5PfMzU2Y
alexisavila,davidjohnson@example.org,u$7LI(o@dm
joseph01,collinsandrea@example.com,+5$O$TYpHv
garcianicole,hammondfrancis@example.org,mz4b0G+f!8
pateljames,jmckinney@example.net,+5ZJ3Qemjd
ypeters,rachel68@example.org,RDn56RYk+y
larsonkara,garrettandrew@example.com,h%1kEHjdOu
laura91,davenportjenna@example.org,K&06(EQnM1
gary26,wallyvonne@example.net,V^1jQTL5Ry
michaelfowler,daniel71@example.com,5TGsW#0q@9
brownangie,traceyharris@example.org,2fGxx#&g%G
xmitchell,elizabeth31@example.org,h^@zF2Tsxt
turneredward,marissa40@example.com,Hy^0FQt1U0
bellsteven,alexandramunoz@example.com,+Ep840Ax9#
madisonpreston,jessica22@example.net,vXKNPVPO)7
jamesjoseph,blackwellanthony@example.net,!9noXyNB*j
vincent64,susan05@example.com,(unqvTc20c
leslieanderson,bennettstephen@example.net,l_50P6DqTe
jstephenson,andrewroberts@example.org,_5HWyG0d#5
josevalentine,matthew29@example.net,J+1SzcQey!
osborneedward,hectorlove@example.net,(@Y0RjIthB
kevin74,lortiz@example.net,)EKqjXuvV0
timothy63,vcharles@example.net,*5XzSUmjD9
elizabethpowers,morgan89@example.com,#x87Fb3dHE
gregorybriggs,williamschristopher@example.com,iBzpY2eqN+
pamelahughes,kathleen95@example.net,Jf9G_88k(m
petersonkaylee,kaylabooth@example.net,Z4SPr5PO!p
reedgregory,cjones@example.com,TG#w4jEas9
crystalsutton,davisrobin@example.org,eJT7_wY*+8
megan77,jenniferwhite@example.net,^3J3#FUl#T
chandlerlori,david55@example.net,w$6DFX6nAz
lopezjohn,melissabaker@example.net,n8UccoF$+E
jonathan03,cjohnson@example.com,+n#&zG5uB8
dunnglenda,nicole71@example.net,(2hCJWjw17
madison48,james06@example.net,v9lQTWQi#7
hartmankatie,dawn33@example.net,&sfx&@Zi7I
laceyjones,vicki50@example.org,i6ZtMb%X@3
christopher92,karen85@example.com,@pvd4HPIS*
bcallahan,sally60@example.com,0*0oMbTx@X
eric01,ihamilton@example.net,0sE%rbfb!S
baldwinrichard,burnswarren@example.org,3wsEfxgS#J
danielle02,martinryan@example.net,o363P80x^3
kimberly51,george07@example.com,&j2JOmt2j!
stacyashley,kingdavid@example.org,Y1uLKsMpS#
smithseth,virginia82@example.com,3kdzLHg0_B
calhounstephen,piercetammy@example.com,@4$EisnhUK
zriley,joycemoreno@example.net,C)0uSJNd#E
willisrussell,kimberly92@example.net,K&V5VnoTXl
william94,john17@example.net,%a5UElsMT!
ichristensen,palmerdebra@example.net,f7FrtoPb@Y
seth05,troycollins@example.com,F5hJh5lG*U
nicolesherman,chelseahall@example.org,)&dYIaj+w3
kellylaura,lbender@example.net,_NEDtslc6F
gwatson,joseph48@example.org,%EJDA+Ty*9
richard11,april76@example.org,31v9eOrGC&
cstark,martinjohn@example.com,MG*6&Ber5Y
colemanstephanie,patriciagonzalez@example.org,_Q&iBLCh4N
xsmall,bmartinez@example.org,B#5wT^3xjv
gregoryharrison,brandihernandez@example.org,kr+JZiyc@3
milesmichael,zpaul@example.net,52wDGVcf^F
joneskimberly,ashleyblake@example.net,@Gb75j1u^2
brent97,schwartzautumn@example.com,@o*8(Ch5)F
bullockjessica,ibauer@example.org,QK%f6HAoh^
andersonsandra,kyle20@example.com,n@1VA%Rdbi
dylancook,tiffanyellis@example.com,8nsLj&zl^5
jennifer93,xgarcia@example.net,(_Q8vRsmth
mitchelljennifer,jeremy47@example.com,7lkIg@xM(e
patrickcarroll,uthompson@example.org,(3LOwEgwUt
heather96,estesbrenda@example.org,$w_DTto_3E
jennifermiller,alexanderjohn@example.com,)4rKdopu!d
gravesjoel,vickiewilliams@example.org,49Fl1cSj#_
hebertamy,fosterdavid@example.net,^63UbVN)*V
tiffany45,emily54@example.net,S6Pv#88A&c
lsolis,daniel16@example.net,V$1FpBrY+4
mendozazachary,jonathancontreras@example.com,1CTHjeiq@p
sarah99,smithjessica@example.org,Ja6NPTVu+(
michael01,dowens@example.com,pJ1wV6u@e&
leerobert,tommy16@example.org,KG)m89RhQw
tanner18,ericayala@example.com,&+!e7R!t4V
ygarcia,smithmatthew@example.org,@ZR5nEzx*E
cbradley,zacharymaldonado@example.org,Ej3L1F4we&
wellsblake,thomasrandall@example.org,_0PCY9b$$0
cohenkelsey,jason30@example.com,1L2LW^ux@8
kelly41,bryan80@example.net,$^X4e@RlY)
shannonrichardson,michael00@example.net,I73WXN7b$f
hollygomez,lisasmith@example.com,^%I&o7xer0
carlos61,hannahhenry@example.com,@xgD$RcR7c
crystalalvarez,alvarezdenise@example.org,0hEWkXyI)Q
schmidtwilliam,acostamonica@example.com,H+3E0rn3gH
ewalls,wilkinsnicole@example.net,EG7UhfEd@w
leahadams,tweber@example.org,&a#73BTsFj
dgriffin,vincentmitchell@example.org,5hfF)hMH#d
iroberts,christopher82@example.org,@H7AQv0hgr
brandywhite,nicole21@example.org,$#1LYVNfZv
johnwright,nathanbass@example.net,0TNAC&vL@b
wesley37,wilsonandrea@example.net,7lZejjXo(1
leah32,ychoi@example.com,k4r2KgFm*h
christina36,daniellekirk@example.net,RExV7Aoa%H
matthewsanders,mayerkimberly@example.org,yYVw4Vb$t+
victoria86,kathrynhill@example.com,atOWMQtb+1
dgarcia,caleb96@example.org,u6dvUmF!^O
jason23,laura75@example.net,qE6(11Km_(
jesse99,billy12@example.net,4lRrP8wD)I
cameronthomas,waltondanielle@example.org,6Cs(8SKlpY
dblack,uphillips@example.org,5SwAq0Il&7
hnguyen,thomas40@example.com,Gw)9$Eb4h+
brian32,simpsonnicole@example.com,+2+i5lNoh^
gail16,jessica09@example.com,3yY9OawF5_
gary39,bwest@example.net,Ve6^43SkY+
charles54,pwhitaker@example.com,28ABclDX@f
zrush,cynthiascott@example.org,k45mXm5_#3
timothyblack,dickersonwalter@example.net,$^fM8dVb5s
whiteheadmarissa,kathryn83@example.org,qqf)5_Ex$n
amandaarmstrong,smithpenny@example.org,(oqRFZNhC9
johnsonamanda,fosterbrian@example.org,zzwM#3WiyP
bryanleblanc,drivers@example.com,s$56Qxhoen
karenhurley,olivia43@example.com,h!b7hH_zUA
jefferycordova,longjennifer@example.net,#5Gq4U&3lD
katherine46,adamsmith@example.com,gd%I6V^iU6
edwardsryan,elizabethfigueroa@example.com,Q%E8vPn%We
vangtimothy,guzmanchristopher@example.com,&M1sj3Pb+1
sethwallace,rodriguezevan@example.net,)pGV(V4zW1
diazwarren,amy61@example.net,g^C7oXxkIi
wrightsteven,lopezryan@example.net,%83Van8c#3
richardpayne,amontoya@example.com,hWI36eHa5&
tlong,eellison@example.com,4dIJlAR4^m
careycheryl,danadecker@example.com,(8xHxZ5s)K
barbara93,paula76@example.org,J!1vV$&RVz
stephanie77,chapmananthony@example.net,R!Z3dRlo$v
vstrong,smithnancy@example.org,@+n+8KjRD^
kimberlyhull,cathymiller@example.org,keiT4rZnt&
markclayton,millercraig@example.net,860G5Zg))G
jasoncook,loweleslie@example.com,V8K%vsTk*5
paulhoffman,lopezlawrence@example.org,pkWJb2)x#8
yharris,jonesanthony@example.net,$B(tCLOb7a
qbarnes,griffinrobert@example.net,IRD5D4p#(7
malvarez,rstewart@example.net,O(r89Vpus0
thomasjackson,gyoung@example.org,hV)9ZW7aC7
michaeldiaz,collinscaroline@example.com,w!1COVNsy3
cgreen,jacksonharold@example.com,Nf8XbNew%v
jonesjoseph,reneebuck@example.org,_VH9VFzHQ@
fadams,bennettmatthew@example.net,3HECtbbx+0
ballchristine,jpayne@example.org,wK+3VbxR^7
daniel97,qcarroll@example.com,^YlVxeoc25
michael88,silvaamanda@example.com,*)@tWlQp4+
cherylhuffman,jthompson@example.com,DV03mJfe!5
diana36,mikaylasheppard@example.net,jM1&Wh4mF^
traci19,hwright@example.org,@oFp4Wx%Rv
brettwilliams,christian85@example.org,#C1E@jlzN!
mckenzie30,brownmarc@example.org,nw+1WPQb1*
andrea23,jeremy32@example.net,u*_5Lj#X!r
morgannicholas,mary48@example.org,a(4*Jcfh&0
westnancy,davidcurry@example.com,_OiKKbUty8
ucooper,garnercarla@example.net,N%y*6TjhT%
howardpatricia,pameladean@example.org,K)N0FKu2qV
vsimmons,houstonkaren@example.net,@#*%NJwV3b
ryansmith,normannatalie@example.org,wzMANR&8+9
ecruz,colemanconnie@example.net,b&0!KSoEn%
sara24,stonerobert@example.org,XY5y1CLt_5
jacquelinesnyder,wanderson@example.net,^Q1Mg^dz%Y
laurenmartin,shannonflynn@example.com,)7$WRoQysH
michelle33,richard03@example.org,2Z%Q(5Ll&Y
michaelcarr,gomezaustin@example.org,8_9L)^UD9l
eric30,ameyers@example.com,))JuIyR)C3
franklinelizabeth,pstevens@example.org,kx5QtogVH&
garciamelissa,james85@example.com,m05x1Uk+_T
evargas,ashleyblankenship@example.org,n$9B49Gh+X
karen93,powellchristopher@example.org,(96EKL$urN
baileyapril,anthony14@example.org,@NQDzi^#8b
acevedokathryn,adriennewang@example.org,Ed0Eas2qg(
vhenry,nrobertson@example.org,a2&3BNjr^P
vrussell,lauren47@example.net,*c8MQj0D^h
ysteele,stephaniewilson@example.org,d#X2oGvdez
julie19,ohardy@example.org,$O*VhB*v+8
rossjeanne,michealbuchanan@example.org,5jgQmmyr_4
tracyharrison,lauren36@example.net,^iQQkYH7A6
qvincent,kristopherclark@example.org,mkICf6Upe_
julie69,sparkskimberly@example.com,_$XuZH9oc3
travis66,tracy43@example.org,e_3Ic(ONCr
kimaustin,emilymartinez@example.org,%syWW0xze9
jeffparker,destiny78@example.org,#EdORhxs$3
whiteerika,christopherpeters@example.org,!2aj(EXmh1
bakerevelyn,angela59@example.net,)1K*EeXuso
richardsonerin,klopez@example.net,@$_M0EwPVZ
aaron76,nlarsen@example.net,_kiVW_)#3&
pagecandice,jennawilson@example.com,u_02H+df6V
cmonroe,timothylopez@example.org,Q9vPsryr_j
evansdarlene,merrittjoanne@example.org,R%98R*#jQe
iross,usantos@example.net,7kP5B3Gq*8
andreajuarez,powellnicholas@example.net,td39GE%v0(
roymadden,monicahenderson@example.net,joP4CBDbf^
aowens,snyderbradley@example.com,l!z+8#Cle6
wilsonrick,david96@example.net,u$I6FPtrIo
pbaird,pottscrystal@example.net,vRsO(7Sf$c
sean83,melissacurtis@example.org,^uS(ck29b5
wilkinsonkelly,marshallbrandy@example.com,G)9ZUL6v+U
emilydominguez,williamsronnie@example.com,)22uo0Xb+Y
traci35,elizabethwells@example.org,*5MM4Euxp*
tony73,adamdiaz@example.org,2xX46Cwza@
whitakerantonio,walshthomas@example.com,I1T&Yde#)Z
goodmanrachael,ocain@example.org,#)20E2c8md
fluna,zclark@example.com,!(G5QVj_+z
saunderschristina,tylernelson@example.com,^2MiYMthEc
ygreen,dpratt@example.net,*0ReaB3JIE
randy27,elopez@example.org,Xu@4wXmXu@
gsmith,wsaunders@example.org,#(ICSoZn51
jodi10,silvajesse@example.org,@7KHNTm+_a
wdiaz,amy51@example.com,^66bmKP4Oc
zpearson,ashley01@example.com,#LGau6Ior!
faulknernatalie,rrobinson@example.com,4TL1jnno!c
courtney91,denise29@example.org,2h7c2RRr(^
ioliver,christian58@example.net,$k9J_Gr3r!
shannon54,bowmansummer@example.net,17IcaAvt%m
bryanmartinez,destinybrown@example.com,IsUx8uXr))
zhanna,yconner@example.org,0*o0qFpLUG
amy61,fuentesryan@example.com,IqU4@IyAn$
shellyjohnston,scottthompson@example.org,NoJsjL$k_6
pdaniels,arthur87@example.org,7EC#0WUj%1
pcombs,dawn15@example.net,wZ!91AHokQ
romanchad,ericedwards@example.org,m*Mg2IYcg8
jeffreyhernandez,brobbins@example.org,$7MV3X#iy4
jacksonkristina,cedwards@example.com,0%1MlmPbtx
williamscarrie,reedrichard@example.com,@&Y2Ehc!jg
gregory52,cookdon@example.org,(X0HBY9z71
donaldadams,coxheather@example.org,&xLCo$AX25
owenkyle,benjamin98@example.org,+nZ4zHquno
christophervazquez,qwilliams@example.com,(l8MSaFgHn
bradleymoore,matthewstewart@example.org,+f1iP*ml)7
wchristian,rwood@example.net,JKP1F!fWK^
danielle03,brandon60@example.com,xe+05TOpxm
tracymitchell,stewartjennifer@example.com,1_)66HlyfI
jesusowens,kdavis@example.org,!nK4UwjQwj
edwardscourtney,taraelliott@example.com,^J8zIYgw7)
scottpeterson,kimberlyferguson@example.com,z&XuBt#J^4
kennethdavis,fkerr@example.com,P%37bSNw@G
gbaker,andrewpruitt@example.net,!0ErXz9zGt
kent70,barnesrobert@example.net,*+!am2Ff)!
shawnwatson,donald43@example.com,)3gaDgRLz!
gordonchristina,daviddawson@example.com,HOm2KIh&*0
qcox,stephanie23@example.org,&@e1X)GzJ^
tweaver,ryansmith@example.net,7t0Fvq@#O%
gabriel71,krystalbrooks@example.org,)H0)M@Urk8
christopherhenry,kyle85@example.com,$vz9Tc4gXz
edwardsbrittany,christina63@example.org,vD0^OQuok#
smarquez,reillysharon@example.org,&exS1^vT(3
moralesbrenda,dlewis@example.org,3X4HJQWd^n
jamesprice,cfisher@example.org,6nFMo7e$&2
tgalvan,sean63@example.net,_3FprRnr3N
hyoung,ygrant@example.net,3172NUag*Z
whiteanthony,ychristensen@example.com,W1aktA^a*_
bradfuentes,cynthiachase@example.com,P7TqgBhB_Z
claytracey,acampbell@example.com,2yl7JHaH!t
franciscoanderson,michael89@example.com,(BZ48Ddv8R
rushbrandon,milleradam@example.net,+9XTEmZi2q
katherine19,millermichael@example.net,&3QsxOa!2b
denisejohnson,fgarcia@example.com,@1Vd+wZ@5i
nicholas65,stapia@example.org,$v2TGe(&az
fwaters,henry60@example.com,c7t_^7PoR2
alexandra02,moorejulie@example.net,+5a^YoYqlO
jensendebbie,briggswilliam@example.org,z!2DOjQy&s
aespinoza,wagnerkrystal@example.net,!E8^E6ug%1
sdominguez,zhoward@example.org,8kB^gu6A^T
orteganathan,dana21@example.org,&c$Eij%fO8
andersonrebecca,thomasmorgan@example.org,@&6x8KzYnF
bauerrobert,jeffreywashington@example.net,0yY$rLj%$&
jjackson,xmitchell@example.com,I72fY96n!X
colson,ianmartinez@example.net,+w53XUk&#(
kristenshannon,ballardstacy@example.net,1NNjGu7@@7
dayjohn,ayalakara@example.com,M!4Y0w(w9F
brenda45,bridget85@example.org,@InqK3WuT4
xdodson,ortizwayne@example.org,hK*d6BqyUe
jordankyle,jasonlopez@example.net,_0ALepviq1
louis98,mcdonaldjames@example.net,(6YXZCvSSl
wstevenson,ogibbs@example.org,$IEavOod$6
wongandrew,sevans@example.com,8%V@691yKT
jerry57,smithalexa@example.com,m^9qSBbmwL
raymond74,smithkaren@example.org,0SAS^87t+H
ftorres,michelesmith@example.com,fl#eo8Yu%g
lewischristopher,lindsey35@example.org,cM_d7OtdC^
beckymartin,sherrymoreno@example.net,$SNr2brni1
hansenchristopher,kgriffin@example.org,)0J5Qrzz7n
smiller,gkeller@example.net,G4CPQrEa%k
xhudson,julie86@example.org,^3A8mFBHbo
ejackson,perezrichard@example.com,tfuRoluV+5
iblack,qalvarez@example.org,AE66uQocj_
danielbell,nmorris@example.net,!8&5A6+gti
simsraymond,msmith@example.com,&8NQjxOsD6
justin40,cohenkelsey@example.org,QCC2S!YuQ%
ashley84,austinvalenzuela@example.com,s7jr^Zz9*G
andrea74,barnesdaniel@example.org,Vsw8GkqR7$
wvilla,hendersonrichard@example.net,B*S3CRYoN&
campbelldavid,robert54@example.org,dePNz3Cs9_
brownjeffrey,davistravis@example.org,V32!Tmnd^6
jennifer95,jjones@example.net,rpl$0B2e7q
erin40,bethriley@example.net,+h0cVaJb^J
vhenderson,leah57@example.net,tuA@3DguI_
keithrachel,stanleyvanessa@example.com,vp_*6YvZIl
williamslarry,cheyenne82@example.com,+JBD^dVt&5
melissapaul,zmoses@example.net,qG+7UtH&)8
darlenetaylor,jacquelinelopez@example.net,UsV$80Dw#m
davidromero,alejandro28@example.org,$aoAS)DxZ0
wallacerobert,andrewbailey@example.com,Z^ON@FZf$2
quinnmichael,ujohnson@example.org,!1a4BmWDTP
qmartin,stephen46@example.org,)iEFkNeC(5
oyoung,vjohnson@example.org,Kyg6ENbJV)
jeffrey45,warrenzachary@example.org,jt3LtK4fu+
joseph83,bmay@example.com,#4Edcca&mx
murphydiana,joel41@example.com,uU%w1ZWdmx
wayne47,tommyberg@example.net,A^v9yyFpK0
johndavis,andreaphillips@example.com,7Yif6WfQ+%
lisa98,lisagonzalez@example.org,)i3tDNZqa2
tiffanymorse,acollins@example.com,j4m09%Sg$5
juliahodges,seananthony@example.net,wGn8*6So#0
stacy77,tammyjohnson@example.org,%bZEVQc6a9
wli,johnparsons@example.org,E%cS1fVyX9
catherine40,murphycatherine@example.net,_z7Txh+iL*
michael45,yfritz@example.net,$NA7MgqB9u
johnsonstephen,georgewilliam@example.org,B@0Z1FVim$
xmoore,wperez@example.org,j21TjXGyL)
thomaspetersen,hurleydaniel@example.org,%gRWH@oz8@
meredith32,stacyduncan@example.net,Xs!4(OXuj$
shawkins,rsmith@example.com,MZ#3Vlr$&f
debbie39,barbarawilkins@example.com,q+(D#uGl)1
hedwards,gdavis@example.org,W4J&HWz1%(
patriciamarquez,owhite@example.org,D@8Hmtku0p
bjohnson,juanstewart@example.org,Zu)9OvrsmJ
davidwilson,samanthabrown@example.net,K8Aq^lAe#v
andrea63,lindagreen@example.org,gP62pmMsL(
nancypoole,sarah36@example.com,*BYHXtOX9t
samuel79,mcconnelljenna@example.org,(3!p1Bs0E5
haleylopez,amanda60@example.org,$8h4XC#kFX
richardmunoz,hernandezcraig@example.com,7(Tu6Ca9#S
dennis09,bradley38@example.com,k8qNbLXy$W
kathrynmartinez,brianhernandez@example.net,E*7ACbwg_P
zmoore,troymartinez@example.net,!mRl#vcgW9
lcarr,vanessamurillo@example.org,0#Cr4Xve!m
jerrygarza,nathan38@example.net,iQI0T+Ir@T
finleyanne,butleranna@example.net,*AN8BYGyc4
abigail34,mariahedwards@example.net,wem4ShxpT(
orollins,erobinson@example.net,hZ!!4SsEI(
johnsonmary,msmith@example.org,*MYHGiy58(
garnermario,deborah01@example.com,2pPY_z!Z*t
jeffreyelliott,gilbertsara@example.com,%gtG#a*5h3
michael54,wilkinsonsamuel@example.org,t)B81HoC8G
bonnie39,atkinsonsamantha@example.net,gZ6VK89bw_
reesemonica,valeriegonzalez@example.com,hr+oq0Dy$G
rose45,campbellalexander@example.com,+mDXBGujk8
haley10,leonardescobar@example.com,$2S9GIbM)S
msmith,douglas02@example.com,!9a(yJskLg
hunterwilliams,john89@example.net,)!RDOmlKr9
fsmith,austinburns@example.org,70qMQPcg+4
rebeccagould,amyortiz@example.com,)8f3S4wRye
butlerchristine,jacqueline21@example.org,&&RoY_gyG9
thomascarter,gstrickland@example.net,Hmh9kyY4R+
janice48,smithlisa@example.com,w9MFcl45&8
mariegoodwin,ievans@example.org,8xJ(h@ua!4
debbie10,znorris@example.org,!vZq8qrE9d
karen42,melissahouston@example.com,*Z54MWSl+D
cbennett,michael22@example.com,I$7vZ5yneM
drewking,vincentgarrett@example.org,7qv$Lns8!2
rayanthony,barbaraedwards@example.com,(Iu1Pqpn3#
phillip86,barrysnyder@example.com,xG#19yQyqp
franklinmark,alec24@example.com,^3GWJYgg9L
xramirez,william56@example.org,#ds0hVwR28
luis94,ynavarro@example.net,$64#^UeXLR
katherine74,joshuarodriguez@example.net,)8JtQoQwBP
thompsonjonathan,elewis@example.org,I&+9#AweCb
gcontreras,christopher02@example.org,#*L8STiggV
kennethgarcia,davidclay@example.com,nuj8HW7D&_
tgrant,urodriguez@example.net,@YOg*Sj%8q
cynthiaclay,hendersonholly@example.net,*5jrTsMs_6
elizabethking,jason69@example.com,u(7YS5yf5)
wendywalsh,neallauren@example.org,pF^475SqyV
kaitlyn03,cthornton@example.com,vlQMv_j0(1
mariahfisher,john61@example.com,E1u_J%Ca#A
rsims,awoods@example.com,V(6RrJjb2h
ecraig,kimberly92@example.org,3pMnwwud+k
mannaaron,christina99@example.org,g!3geIWd+#
katherine21,hcooper@example.com,DW@#0GPwml
leekent,donaldstewart@example.org,!2tFT$C@Zw
christinemiller,ericmason@example.org,&G7oxKUku*
rebecca17,tfrazier@example.org,^x^fcIMZ3o
pnelson,washingtongerald@example.net,F$6B(_etQc
ashley79,kmorris@example.com,+7QTEDlJj0
victoria24,klinejody@example.net,BH)F68La%m
oskinner,whiteallen@example.net,8cg*8EmHr#
chriswhite,briangordon@example.net,+6LR(di8@o
ydavis,mphillips@example.org,hOQ0jWt3@N
hunterkyle,ellisonabigail@example.org,j!5H&Mc8+S
annescott,lvilla@example.org,^&&04Vkg^v
daylisa,owagner@example.com,)*GfDcZl)5
ddalton,isaac60@example.net,!o0Cv)Hmv^
ujordan,amandahart@example.com,r^7H_)Ax&Y
blakeclark,karaanderson@example.net,Z6V)9WLo%e
robinsontina,heatherrice@example.net,HP^23G5gb5
linda21,lutzdaniel@example.com,VvL74NAu_$
reyesmichael,joannajones@example.net,!BOnR3Ud0#
agraham,michael76@example.com,cuH1zN9Y!0
elizabeth29,richard03@example.net,7v8)CDjv$r
scott38,reednicholas@example.com,+#ui3bEbF%
christinehale,paul94@example.net,$L94K+%nX7
brucebeverly,pwallace@example.com,Jh72!CLzX$
gary51,eatonbrian@example.com,m%94XJkbWZ
fingram,eric21@example.net,@43OAtqJzZ
klineanthony,angela03@example.com,J0nT9eQd@^
michaelagrant,gadams@example.net,wumX_KI((9
alexander91,perezjennifer@example.com,)bN$^EZn@0
kpotter,johnnyjordan@example.org,*F*53Fuyc)
kenneth48,garciacharles@example.com,Q$4j8FSvMP
fmcbride,bradley97@example.com,9CWFj6y_(R
tara52,tammymartin@example.org,Q2%(3DcW^i
lisa36,eatondonna@example.org,mKN8F1Mw%8
xjones,matthew14@example.com,B&9lNjqvuT
andrewquinn,slopez@example.net,W_t#9Fme7!
lsmith,brettmcintyre@example.org,+5Zyt(Efj6
katie20,yolandasmith@example.com,r2CARW0q&f
james62,murphyjeffrey@example.net,_6HDF(kp_d
owenskevin,qmccarty@example.org,A%6wdCXejH
patriciasavage,pricenatasha@example.org,6$ZaASVd)I
lkirk,qsmith@example.net,9J6FhoK6_7
barronmelanie,wallacethomas@example.net,R3_SydTr_6
kimberly82,newtonrobert@example.net,%YGfgR2m4k
lisa75,qreed@example.net,i4tsGtmB(9
jack48,ajones@example.net,EC5GcAUc(Y
robert37,robertthompson@example.org,_26loFktyO
craig52,mcbridechristopher@example.net,ii1uIb2z_u
kfloyd,dominique63@example.net,#yLsi(HK6I
cjohnson,margaret68@example.net,d1M_YAft_S
lmartinez,reneeaustin@example.com,U+j08IlPL3
lsparks,newmanmegan@example.com,1sKRo!oH^9
amberbell,itaylor@example.net,6Au8^Hxj)l
currymartin,ysanchez@example.com,U#lz3Qen0T
jconrad,justin74@example.com,1G_L3Gq!_r
richardwelch,tony97@example.org,%@I9%C9hP3
tpatel,john39@example.org,W&9PvWByY6
ponceabigail,lindahernandez@example.com,Qp(3DdJWd)
kristen52,philiproberts@example.com,*5C1#BCdt4
david52,spencercordova@example.org,q5qmMnij+5
johnellis,sotodawn@example.com,uLm1A!tt*8
floresdiane,mejiashannon@example.net,$LA)G3eFD@
leah27,coxrobert@example.org,*3QBx9Vje0
bethany99,rthompson@example.com,&u0AHb%lKE
davidtownsend,zpotter@example.org,Ic9qRriq+&
williamrussell,jspears@example.net,(YjDMArbg7
susanmckinney,reedjohnathan@example.com,$0G(rgNOA0
collinsmicheal,kathleen60@example.org,Lxixl5XkZ+
mlove,brandibass@example.org,@1@ft#s(D1
brittany92,jsmith@example.com,%DD4Wb&*f(
crystal52,eric47@example.org,k&0&HTfz$z
twatson,psherman@example.org,O&24Mz&tz@
reyessteven,hartthomas@example.org,8L&vAuZ8&C
javierpineda,yyoung@example.com,#1d)OXfffe
jeffreymoore,christina07@example.com,!S1IBsmXQy
jennifer26,brittneymartinez@example.com,@O7bTwkHd4
williamsteresa,jacob13@example.org,^H5H!Jsnoa
tiffany30,jillian14@example.com,7pC3zK^5&C
wmiller,bnicholson@example.net,a%S2%2KtTZ
vwood,scottdiana@example.com,c!W1X#Hmc)
greenenathan,collinswendy@example.net,L%4wcjPhE)
nathanielthomas,mariah81@example.org,g_5xu#MheH
westjacob,faith16@example.net,#UB2c_td10
joshua88,whuerta@example.com,&((t8JWss%
kelsey64,waterscarl@example.net,Dt51KpzLw_
millermichael,ruizjanet@example.org,@7vFat)5jO
qschmidt,marcfuller@example.com,c$aSjcX3^8
mprice,mckenzie53@example.net,n&4!Q!Mvap
ryanryan,sanchezchristopher@example.org,n8RN4Ftg_J
rosslarry,coryrobinson@example.net,jl5aU_A$o@
ashleegarcia,sbryan@example.org,Z4kDPlu##7
wagnercraig,garygallegos@example.net,#6AqgxQbu7
hrocha,markwilliams@example.org,^&zEoWVj5&
gjohnson,dmoses@example.com,WUspLb!H(1
kduncan,odaniel@example.net,M^E495NeUP
drandall,sarah52@example.net,@0x7R%cz0@
jesselong,huffrebecca@example.com,hZRDe#pW_4
whitneyfields,jillanderson@example.com,*U&kFr3SY3
ijackson,ebaldwin@example.com,i_6O3HpY(&
wyatt21,ashley23@example.net,$gsYjzD)37
mendeznancy,jack68@example.org,caUuccWk_0
evanscrystal,gregory64@example.org,wP0Ixg$m(a
christineadams,thomasmichelle@example.net,+CAG1MBo*c
yatesdonna,raymond58@example.net,(0HCqKSze2
bschneider,ian03@example.com,6&6EYkP2*D
pageerin,johnbrown@example.com,2A5JV@hEh!
ksims,eyork@example.org,_bXD085f%8
andrew94,cathyrivera@example.org,+i9fBloyUz
patriciakelley,hendersonmichelle@example.org,*bL4PhBlgk
yleonard,garciakristi@example.org,@1GL5$fxxd
williamsjack,laura20@example.net,)7Rr+Go!kB
davidshaw,armstrongmichele@example.net,&3fT0F^t5@
elutz,bjohnston@example.com,&QZu_86pF1
hilltrevor,walterburns@example.com,xz$5Z6MsiR
mccormickkathleen,brettcarter@example.net,RWh3IoWc_R
milleranthony,ochoamaria@example.com,)O2aY%)hq&
tony59,michele99@example.org,@S2Ph5#rtZ
johnstonjason,joshua74@example.org,W%(9Exo5Rb
taylorsimpson,jenniferkhan@example.org,w)oB56ufBC
mark50,erinturner@example.com,_6f8ZYpdb8
danielwilcox,elliottsarah@example.org,(fu8UcY_nR
lmosley,rubenmartinez@example.com,@qg@5#Sk2F
stacey27,glewis@example.com,R0QvXjf_@7
guzmankristy,mackenzie23@example.net,%KBGmXkmt2
jwarren,barnettcolleen@example.net,TsU%s8Tw!9
rodriguezjoseph,beckerpatty@example.org,K1WH5JZr+1
kjones,gary05@example.com,4I%s2KPo+U
thomasmichael,katherineharris@example.com,hk5@v6Gh))
scole,vwilson@example.com,(TmWP2w%W7
stefanie13,jacob93@example.com,*0Hh4vND8b
chelsea60,gturner@example.com,Ut8TsqEcd#
vsingh,heather07@example.org,*VWqdnfC&3
samuelrichard,robert08@example.net,16m3CD+a%k
wcox,waynehood@example.net,aL1_mEYi8+
foxrenee,mary28@example.net,$h6v84Jq8+
danalowe,sandersanna@example.org,@J75JAt1VA
hmyers,lisa99@example.com,N^bD!BmN%9
trevorshelton,williamcobb@example.com,k8B2BzXX&q
joshuaquinn,joshuamartin@example.net,59E5whFM$c
johnbrooks,yvettepage@example.com,eE4pU*v^^%
bwilliamson,jeremyhayden@example.net,H!7TwXwv9U
taylortracey,aknapp@example.com,@4QDRUaqaP
hartronald,william23@example.org,Gs_8MJvM)_
irussell,michaelrollins@example.org,!1EE)KuFH*
edward18,james21@example.org,z*+15^ScBD
emily36,jjohnson@example.org,81@NIvoY%j
brandon51,brownmia@example.net,7ww6b*Bgg+
usanders,sararamirez@example.net,6^Y3zLx!_d
davidtaylor,yshaw@example.org,8m&jYLRt@3
karen49,edward53@example.org,)(7UPDQvTu
joshualopez,michaelsanders@example.org,&v2u6Csl0&
richardallen,turnerbrian@example.org,qVL2USsz@1
rodriguezemily,wdoyle@example.net,n$s0d2Tj7F
ubowers,jacob55@example.net,o*9CVvp#17
julieroberts,kristicalhoun@example.com,EqW9OACr3$
tuckerwilliam,thomaschristina@example.net,s4RJYP21_e
allentyler,keithjames@example.org,$7l&S3BwT4
henrycolleen,mariawatson@example.com,@PHe1xTj1s
brandonsimmons,danielnelson@example.com,@9G6*6UviY
smartinez,stanley39@example.com,5ZC0s^C!+e
wlester,thomas14@example.com,f013DJ0q@V
barbara00,scott68@example.com,J2PIWwYa!B
vbryan,wcooper@example.org,#9i1XshG2)
earl20,wrightmiranda@example.org,$kLVs$eZ!7
xlang,cartersabrina@example.org,*QMtoWxzb9
todd96,tfinley@example.org,CW@3g)Xy$l
lindsaycurtis,hhammond@example.org,jfK5WPZ8o&
michael65,hmiles@example.org,Z)Hf+WB!^8
patriciabrown,callahanjacqueline@example.org,6LN8Awl_P(
johncowan,akaufman@example.com,%*0RG2Kz%O
faithmills,parkerlaura@example.com,$X2LMJ0j%$
chaseferguson,kingbrenda@example.net,9QE0K5Kbb#
joel41,nicholas81@example.com,%pIbFxLG29
shamilton,miabrown@example.com,*qCEVrAg69
owensstacy,kelli70@example.org,t^0B97Ad%T
yvette53,ngonzalez@example.net,7j3tTeZ1R#
elaineharris,alejandro76@example.com,kVT4X#ddG^
holmesryan,ovega@example.net,$0peKsK$b@
john20,tyleralec@example.net,Us7TjMqBQ^
ashley36,zdavis@example.net,Dk1Pj0R0%)
mark62,suzanne09@example.org,&TW1w@Hs%1
christie13,davisashley@example.net,)P17XdPMWg
jasonnelson,seanfranklin@example.com,Ab64SqP&c)
jacksoneric,dustinsaunders@example.org,My+uQfQm+3
norrismaria,zroberts@example.org,Ai8C&iIuj^
brittany78,tfitzpatrick@example.org,Pi!1M2GaRQ
jonathan76,kim76@example.com,T^9g)VYo29
marquezdonald,sarabrown@example.com,avhb9qQkW+
christopherbryant,snydersheila@example.org,7#Z!ng8z*E
melanie15,rodriguezjulia@example.net,5*$U3Pdf8r
jking,bakersharon@example.net,3aOMInf0@m
vbeck,jeffreywashington@example.org,pPaVQMx8%9
howardfuentes,shermanjerry@example.com,H$GU94Up1v
stacey20,larajoe@example.net,ol4ZJoLde!
benjamin08,ashleyvilla@example.net,x%%O8Mw^^8
dorisellis,buckwendy@example.net,+1HkM&blVP
matthew82,martinezjose@example.com,*9$CJRuj_m
paul60,zacharycobb@example.com,w0ISB@su+v
lindsay26,uashley@example.org,PZ$1Rtqh#n
johnsteresa,mackenziegraves@example.net,MkR#S9Zg*b
scollins,darrylpayne@example.com,KIPXPxfi&2
fdavis,steven88@example.org,*2j*B(xSqe
williamsstacy,igarcia@example.net,c1M68#!@%D
robert13,kristinehawkins@example.com,*Dv6MVwq(H
melissa39,brianwright@example.org,@6pBWko7ze
ksnyder,shirley77@example.net,^uOOA0_t+7
franklinshawn,underwoodchristopher@example.org,0@@GxxAF#8
terrellcarol,joshuagutierrez@example.org,#2NwfZ4O3f
katrina19,garciaheather@example.net,%^vFSfM*7H
charleshernandez,jonesaaron@example.com,^8eAPMq7#9
mark70,martinezmichael@example.org,qG&2U0grI!
john53,bakermary@example.net,C0GfEvC#%v
hlewis,brownjennifer@example.org,(o7JR&yzv5
swhite,wcollins@example.com,^u!(MU#3S8
ibarnes,christina45@example.org,$fF8Nqv*V3
mmcknight,omarbates@example.org,^!_32VdaZm
williamsjulie,sheila91@example.org,*kM!0xd^J4
ricelisa,wendywilliams@example.org,7^4@8Mv1k!
westjoseph,webbmitchell@example.org,mjyWq_n9#1
joneshannah,jsilva@example.org,a0kTXLtO)F
xmoses,patriciameyer@example.com,E(VH8Qj(#O
shannonsmith,emorrison@example.com,tRnIHu81%5
randolphjoshua,adammcguire@example.net,d+B5VUvZ#r
jerryfrench,creyes@example.com,LA1rHdFO+$
alexhenderson,xware@example.com,*v4Zs7FYwT
michaelward,samanthajenkins@example.com,g5O6GI8b0+
kellyrebecca,csanchez@example.org,*SK0CnRC(a
odaugherty,deborahlogan@example.org,1wPDFLlk+F
irichardson,samanthawarren@example.net,Wut#@7BdnM
omoses,thorntonscott@example.net,lg51NZVo!2
llewis,sadams@example.org,&3aH3*Gz@5
djohnson,jonwilson@example.org,1+9wK0xi%u
pattersonpaul,nathanrichards@example.com,$j4pWc55GR
jasmineorr,kellyvasquez@example.com,5o#)7XQi&)
reynoldsaimee,juanking@example.org,8NeW82UrM$
hdavis,dixonmichael@example.net,5^^h8Cw2(T
vegabrett,nmueller@example.org,XhR6UHo%#T
rasmussengabriel,denise04@example.com,(OU@4zIwe$
underwoodheather,dwhite@example.org,f5!13Of44Q
chambersamanda,kbooth@example.net,A@E3q8LrZP
millerchelsea,stephen46@example.net,(#n2+@HuNp
duartemichael,john93@example.net,S&JR9MSaFo
brendaking,pamelabrown@example.com,hJUE*Rt^%0
hdowns,davisgabriela@example.com,5NUau^nk$S
bradleyturner,freemankatherine@example.net,+7Ub^m4e1l
solomonmitchell,melissahale@example.com,#81Wavo5eP
theresa22,julie98@example.org,D6GU6#fS+z
james46,shawn38@example.com,Wg*+5Ty+no
stephenboyer,adrian33@example.net,ct2ibYik(0
jameslee,dramos@example.org,XcTM8gApR^
lrussell,christopherthomas@example.net,&bpqyCDf$8
herbert44,qdudley@example.com,^RA(QERy^1
petergutierrez,bjames@example.com,*rQQZI+q9t
michellebrown,randolphashley@example.net,$wF(HBm8@6
jacqueline04,mitchelllisa@example.com,%+8POI3hzY
barberdaniel,erinsmith@example.com,(3pcDrmvYk
stephanie30,mrussell@example.org,ha0CWWQx^#
jdeleon,katrina55@example.net,@GIfz*ME8d
njackson,rodriguezsara@example.org,4XI4I^liD$
elliottdavid,christopherbailey@example.com,(W1SCF8mwd
nicholas35,zflowers@example.net,M(2&WMQn)g
anthony77,brettmartinez@example.net,X25#PgRz@o
marioknox,tfields@example.com,F1_WIbxq_g
jessicamiller,margaretthompson@example.com,oJ^9UbIaUF
williamarroyo,johnsonpaul@example.net,DHgQ5kCof)
dorseyjohn,williamsyvonne@example.org,+l(p9IikUo
stephaniedavis,hilldarren@example.net,g4D)xm#o(8
ashley36,coopermichelle@example.org,&3mWKSFXxD
tlittle,jenkinstanner@example.net,eU)F2Qv$A2
jamesnguyen,charles62@example.net,KIT^tm(1%5
david26,davishannah@example.com,j95*V_Yel)
richard97,harrisamy@example.com,p+9EL6uY%Z
melanie58,rachelcampos@example.org,U2esLitX#)
creyes,xmartin@example.net,m4+smduS!S
pgarcia,coopertabitha@example.com,!esqHJZ@44
travisjohnson,jacobmurillo@example.com,SD5UoWtC%^
nwatson,aaronreynolds@example.net,v+3db@Pu!3
mitchellrichard,dkelly@example.net,)9cEV@nK^H
howardrobert,smithjohn@example.net,PG3S1upq*!
ureilly,karenhowell@example.com,npYu8P&z&5
luke80,jennifer73@example.com,$%z9Jrk@1(
abrown,juliebenson@example.net,w3LS9k%J^b
watsonchristian,sandersmatthew@example.com,9*25!0GsGI
melissanelson,edward05@example.com,oy+^)8If@j
riverajacqueline,mcculloughadrian@example.com,^3iSFDAGi@
dorispowers,michael93@example.com,q5yImUAG%m
zboyer,matthew80@example.com,K+50xKqjUE
victorthornton,sheri24@example.net,!$#9Hx!9PK
evelyn03,figueroapaul@example.org,p5dA3fg4)5
brownbrendan,powellcatherine@example.net,)9oN6gVtom
jacquelinewilliams,debbie59@example.com,^pra7U*a8I
evelynwagner,williamhahn@example.org,55oUbw@j$p
ekim,davidwiley@example.com,(6RX9R2ef8
shannon40,mary95@example.com,16Fur6FC(Y
coreyjohnson,moorejames@example.com,(hizPOlR06
burnsmichelle,staylor@example.com,mw7ThsZ7^b
robert02,msnyder@example.org,%O3Vx@mk1F
ikoch,qstevens@example.org,$KgD*%Cvq6
jared00,kathleentucker@example.com,&G(8UdQsjG
fwilson,chrisbaker@example.com,0RK+p%rl@)
sylviamoore,moniquelara@example.com,7wINNu7q&q
xdaniels,anthony79@example.org,%vYU4bJz@7
martinezlynn,cherylunderwood@example.com,5!)7N)nj^#
jonathanmoore,josephrodriguez@example.com,c_2LoQ2r+!
patricia10,reedcarrie@example.net,&eqMd3s7O0
armstrongstephen,igalvan@example.net,$pF@Y0Ph0b
angelajames,christianwood@example.org,2IG4#2ta@V
kristin58,nicolephillips@example.com,*8XzbMrx$^
scotttaylor,maysdaniel@example.net,P0ZDW^Br!s
thomasandrea,ktran@example.org,Z@5pDU8GRg
iyang,alexisbullock@example.org,#bc+MtPxc7
glendahampton,sotojames@example.com,$X1J^hy)uR
strongtimothy,dianawood@example.com,bp$HXAAa%1
nicholsoncatherine,rodney82@example.org,^4^EezypJW
ejohnson,grantandrea@example.org,)$Tjt*VxY3
uchapman,campbelldaniel@example.org,3yiBITnX%G
danny78,williamwood@example.net,n&!06E9s^D
vanessadennis,johnbeltran@example.org,!wM3AWmb+U
jose86,amandatyler@example.com,+65XR@M*bz
nguyenelizabeth,susan38@example.org,4x473Zg%$r
monica22,melissatorres@example.com,@(1*9Lie#4
george53,alexandria97@example.net,!0l3IpoNQ^
steven11,mary52@example.org,emaU8XJg&8
nbright,ryan40@example.com,$0%lMvvg6J
vmendoza,ericapeters@example.net,3U6El^^e0%
dominique94,sophiafischer@example.org,UBbczWaB_2
annasmith,ashley23@example.com,CZyXy9Qxt@
melanie46,robinhenderson@example.org,M$Tr_Da1CV
martinezdouglas,hicksvalerie@example.org,j*QN5PwfE8
nathanparker,willie42@example.org,A3++*vHg(S
catherinesweeney,robertssarah@example.net,ZG_2(J*azi
edward47,bowersdawn@example.com,%Rh5bfYwFe
brandonbishop,ramseytiffany@example.com,Xd0U8aMn*9
jason74,eclarke@example.com,C3+1FRTo&e
tiffanydixon,patricia43@example.net,@1MP+Vsv&u
yfox,rdiaz@example.org,f6H0$%z!*n
trevor48,billcrawford@example.com,M&Z0a(Um@M
dianewillis,whitecynthia@example.net,8e*hzXSh%X
moorebrandy,jameshall@example.net,n2iNRKkh#l
holmesdebra,mweeks@example.org,n2R9Rc4l%H
